date,views,unique_visitors,clones,unique_cloners,stars,forks,watchers,subscribers,open_issues
2026-07-25,0,0,0,0,,,,,
2026-07-26,0,0,0,0,,,,,
2026-07-27,0,0,0,0,,,,,
2026-07-28,0,0,0,0,,,,,
2026-07-29,0,0,0,0,,,,,
2026-07-30,0,0,0,0,,,,,
2026-07-31,0,0,0,0,,,,,
2026-08-01,0,0,0,0,,,,,
2026-08-02,0,0,0,0,,,,,
2026-08-03,0,0,0,0,,,,,
2026-08-04,0,0,0,0,,,,,
2026-08-05,0,0,0,0,,,,,
2026-08-06,0,0,0,0,,,,,
2026-08-07,26,2,11,8,0,0,0,0,0
2026-08-08,0,0,2,2,0,0,0,0,0
2026-08-09,8,3,1,1,0,0,0,0,0
2026-08-10,10,3,1,1,0,0,0,0,0
2026-08-11,7,1,2,2,0,0,0,0,0
2026-08-12,11,1,0,0,0,1,0,0,1
2026-08-13,1,1,0,0,0,1,0,0,1
2026-08-14,0,0,0,0,0,1,0,0,1
2026-08-15,0,0,0,0,0,1,0,0,1
2026-08-16,0,0,0,0,0,1,0,0,1
2026-08-17,1,1,0,0,0,1,0,0,1
2026-08-18,0,0,0,0,0,1,0,0,1
2026-08-19,2,1,3,3,0,1,0,0,1
2026-08-20,3,1,2,2,0,1,0,0,1
2026-08-21,7,1,20,13,0,1,0,0,0
2026-08-22,0,0,7,6,0,1,0,0,0
2026-08-23,0,0,2,2,,,,,
2026-08-24,0,0,0,0,,,,,
2026-08-25,0,0,2,2,,,,,
2026-08-26,0,0,2,2,,,,,
2026-08-27,0,0,1,1,,,,,
2026-08-28,0,0,2,2,,,,,
2026-08-29,0,0,0,0,,,,,
2026-08-30,0,0,3,3,,,,,
2026-08-31,0,0,0,0,,,,,
2026-09-01,0,0,0,0,,,,,
2026-09-02,0,0,2,2,,,,,
2026-09-03,0,0,0,0,,,,,
2026-09-04,0,0,1,1,,,,,
2026-09-05,0,0,0,0,,,,,
2026-09-06,0,0,0,0,0,1,0,0,0
